id,name,datetime,department_id,job_id
1,Harold Vogt,2021-11-07T02:48:42Z,2,96
2,Ty Hofer,2021-05-30T05:43:46Z,8,
3,Lyman Hadye,2021-09-01T23:27:38Z,5,52
6,Marlow Antecki,2021-04-23T23:45:42Z,6,95
7,Joan Rillett,2021-10-10T01:33:31Z,9,78
10,Arty Giacobo,2022-02-08T12:27:07Z,6,62
11,Libbi Dowtry,2021-07-05T04:55:10Z,6,41
14,Melonie Slocomb,2021-12-30T23:08:59Z,12,121
15,Robers Swinden,2021-02-16T20:00:38Z,5,47
18,Gay Philbin,2021-12-24T13:40:11Z,6,102
19,Loralie Dundin,2021-10-19T20:10:46Z,8,68
22,Toddy Gare,2021-12-05T18:00:50Z,5,25
23,Jeremias Goudy,2021-10-01T08:16:32Z,7,36
26,Bartolomeo Feth,2021-02-07T09:03:49Z,5,65
27,Elvina Bycraft,2021-09-29T20:34:33Z,7,74
30,Geri Pennings,2022-02-16T21:08:33Z,4,33
31,Jerald Gilder,2022-01-15T02:33:31Z,4,74
34,Corena Heritege,2021-05-08T01:43:42Z,4,31
35,Malchy Pontain,2022-02-20T10:39:43Z,11,178
38,Louisa Binion,2021-02-11T14:29:26Z,8,54
39,Brook Tant,2021-09-27T12:50:01Z,10,113
42,Pail Syne,2021-09-14T03:08:04Z,7,26
43,Agneta Rae,2021-09-29T12:36:18Z,3,51
46,Philly Beecraft,2021-03-03T14:48:53Z,8,59
47,Jimmie Jack,2021-02-04T07:50:18Z,4,64
48,Lonee Hegden,2021-06-07T09:12:33Z,10,58
49,Annecorinne Ver,2021-05-08T23:05:13Z,9,140
52,Trudie Arboin,2021-10-12T02:10:35Z,6,76
53,Rebbecca Bazel,2021-11-14T21:00:10Z,9,115
56,Orelie Gauvin,2022-01-29T13:52:35Z,3,40
57,Meggie Dulwitch,2022-01-25T18:58:12Z,4,65
60,Washington Schl,2022-01-30T11:38:20Z,5,91
61,Artemus Feather,2021-02-26T22:38:18Z,4,128
64,Florella Haquin,2022-02-11T06:39:40Z,7,61
65,Saundra Franzin,2021-12-29T01:42:44Z,5,51
68,Perceval MacLic,2021-03-16T20:21:07Z,5,15
69,Sidoney Ciobuta,2021-03-08T09:28:55Z,7,123
72,Judy Chifney,2021-10-22T18:48:13Z,10,61
73,Matthus Szyman,2021-04-26T04:21:25Z,7,3
76,Carver Kirman,2022-01-28T17:32:21Z,4,121
77,Fayette Prati,2021-07-29T08:29:27Z,7,78
80,Angelika Stock,2022-02-12T23:11:53Z,6,163
81,Caril Bewsey,2022-01-22T05:56:43Z,1,73
84,Ludvig Norwood,2021-02-26T18:47:53Z,3,
85,Dev Ingleson,2021-07-01T15:47:16Z,7,90
88,Rosabelle Sterza,2021-03-12T14:32:57Z,5,124
89,Rodrique Fearne,2021-12-01T13:30:50Z,4,57
92,Floria Peniello,2021-12-24T08:38:29Z,4,81
93,Belinda Savaage,2021-06-04T09:39:59Z,4,48
94,Zachariah Comb,2021-10-01T16:14:13Z,5,150
95,Lowell Woollin,2021-05-17T18:22:06Z,8,95
98,Colman Casale,2021-10-12T17:55:32Z,10,64
99,Marlo Tott,2021-05-18T00:45:21Z,8,29
102,Ogden Ough,2021-03-29T19:31:33Z,7,138
103,Cathy Blundin,2021-07-29T08:55:15Z,7,66
106,Jasper Matterda,2021-07-13T06:34:38Z,8,68
107,Welby Crocumbe,2021-09-04T16:39:58Z,4,107
110,Renee Bridie,2021-08-31T20:26:32Z,4,17
111,Zsazsa Pash,2021-08-01T03:27:48Z,5,26
114,Grady Conman,2021-04-27T09:27:22Z,3,63
115,Wilbert Cluer,2021-03-31T12:27:59Z,6,39
118,Blondell Pybus,2021-04-30T04:32:07Z,11,38
119,Lucky Hadkins,2021-11-24T18:37:55Z,7,71
122,Gnni Gudgin,2021-10-09T13:49:28Z,7,53
123,Alisha Headings,2022-01-30T20:44:35Z,9,89
126,Olly Tully,2021-09-01T18:16:34Z,7,62
127,Corinne Woofind,2021-12-31T09:40:30Z,12,123
130,Ferris Hammerb,2021-10-19T08:43:38Z,9,126
131,Angie McMurray,2021-10-23T18:14:59Z,7,149
134,Lacee O'Hingerty,2021-05-17T12:56:53Z,10,147
135,Foster Hobbing,2022-01-31T02:27:30Z,9,64
138,Conrad Stoad,2022-01-23T01:07:44Z,5,113
139,Celina Caris,2021-03-23T09:04:56Z,3,145
140,Putnam Dodd,2021-02-01T12:28:13Z,9,117
141,Marylin Bromma,2021-04-24T15:32:05Z,6,44
144,Angel Andrzejcz,2022-01-29T22:53:00Z,9,69
145,Gretel Chittende,2021-11-22T11:13:05Z,5,128
148,Rourke Inchbald,2021-12-25T03:09:37Z,8,64
149,Katlin Haxby,2021-10-28T19:12:05Z,6,21
152,Kori Foxton,2021-04-10T14:02:38Z,5,95
153,Truman Garriock,2021-09-08T13:11:26Z,11,88
156,Mikel Searby,2021-05-08T14:39:59Z,8,54
157,Kellia Barribal,,4,61
160,Sher Nolleau,2022-01-02T10:43:20Z,3,51
161,Nobe Mackrell,2021-09-16T06:31:59Z,8,130
164,Geraldine Playde,2022-02-14T06:05:35Z,7,47
165,Charleen Billin,2021-11-10T00:57:25Z,8,69
168,Toinette Sammut,2021-04-17T07:54:48Z,7,93
169,Dannye Juszcza,2021-06-23T21:25:21Z,7,86
172,Roselle Leate,2021-03-19T02:20:30Z,9,83
173,Myra Corington,2021-02-16T15:44:56Z,6,13
176,Barbie Alabaster,2021-12-26T12:44:34Z,7,60
177,Ardella Schwartz,2021-08-25T11:50:02Z,3,97
180,Siobhan Backen,2021-03-26T19:07:15Z,7,83
181,Joeann Chowne,2022-02-16T01:58:18Z,10,42
184,Alanson Dunne,2021-12-11T21:21:26Z,10,74
185,Ryley Ruit,2022-02-04T13:21:15Z,8,128
186,Claudelle Peele,2021-03-10T19:24:19Z,7,54
187,Janna Forsey,2021-05-09T23:57:00Z,5,57
190,Amalia Vinall,2021-03-05T01:38:06Z,6,136
191,Caldwell Dunnio,2021-08-16T12:41:01Z,8,48
194,Lonny Duggan,2021-04-19T15:31:46Z,10,81
195,Jordain Reardon,2021-08-13T09:22:18Z,8,40
198,Carline Fryman,2021-05-29T00:23:02Z,5,
199,Fields Huby,2021-04-16T09:51:56Z,5,72
202,Irving Saenz,2021-09-14T13:36:33Z,8,21
203,Kienan Kinghorn,2021-10-23T20:14:55Z,7,65
206,Osbourne Berna,2021-10-28T21:39:48Z,5,56
207,Ahmad Fader,2021-05-03T04:57:25Z,,66
210,Babita Grigorkin,2021-04-23T23:35:06Z,9,90
211,Berny Daber,2021-08-14T23:50:27Z,3,27
214,Hermann Brisson,2021-06-06T15:24:32Z,10,142
215,Ewart Temblett,2021-07-06T08:31:04Z,10,15
218,Stephie McCudd,2021-11-12T03:24:03Z,8,120
219,Malorie Broggini,2021-09-05T10:03:56Z,5,84
222,Blakelee Jell,2021-05-21T10:52:28Z,5,115
223,Malvina Camelli,2021-03-03T05:07:46Z,1,83
226,Hedy De Gregoli,2021-07-19T07:29:36Z,4,117
227,Jeramey Pyson,2021-04-03T20:14:34Z,1,43
230,Arley Stroton,2022-02-10T20:46:33Z,2,97
231,Daisie Branchet,2021-10-24T07:07:44Z,6,21
232,Zach Gallelli,2021-07-26T16:45:07Z,3,107
233,Tony Hayball,2021-02-15T19:56:57Z,6,109
236,Bald Ordemann,2021-08-04T06:14:18Z,2,58
237,Lynda Lehmann,2021-10-19T11:39:00Z,4,66
240,Shandy Blinderm,2021-08-03T02:54:07Z,10,36
241,Benedetto Ropki,2021-09-30T01:01:01Z,9,19
244,Elspeth Smalls,2021-11-19T16:41:34Z,5,57
245,Lemuel Thrush,2022-01-07T16:23:36Z,11,46
248,Hanni Ruit,2021-04-08T19:47:24Z,7,33
249,Katherina Bundo,2021-11-13T10:19:05Z,5,45
252,Merrily Lorey,2021-08-30T19:20:06Z,8,68
253,Ignacio Warlowe,2021-12-23T22:56:15Z,3,48
256,Jobyna Halburto,2021-06-17T17:53:43Z,9,70
257,Bernie Sushams,2021-06-26T06:36:44Z,10,121
260,Gweneth Allcock,2022-01-27T23:22:52Z,5,87
261,Barny Arghent,2021-07-22T21:10:35Z,4,61
264,Gui Coogan,2021-06-06T09:21:20Z,8,30
265,Verile Halliburton,2021-10-11T10:53:38Z,2,68
268,Arin Ribeiro,2021-11-03T22:53:42Z,9,20
269,Garvey Yandell,2021-09-27T16:01:02Z,2,82
272,Ashly Janczak,2021-09-09T17:05:03Z,3,62
273,Lorry Cluely,2021-02-05T02:01:57Z,9,112
276,Amandi Forst,2022-02-09T22:55:47Z,7,85
277,Abagael Tomase,2021-08-17T02:23:18Z,4,158
278,Ddene Bernardin,2021-08-16T02:41:54Z,6,157
279,Phaidra Killingwo,2021-10-25T12:19:32Z,6,45
282,Maudie Sommerl,2021-04-09T20:31:22Z,7,73
283,Betti Meran,2021-09-28T17:47:54Z,5,87
286,Frances Flemmic,2022-01-31T11:35:28Z,10,134
287,Dniren Raison,2022-01-22T22:03:49Z,4,60
290,Cassandre Froud,2021-10-15T10:36:55Z,5,33
291,Chuck Frankiss,2021-06-07T04:46:33Z,6,79
294,Claretta Sloegra,2021-11-01T22:58:21Z,2,46
295,Marylou Burrell,2021-11-21T03:14:06Z,7,84
298,Chrysler Frudd,2021-11-02T11:26:37Z,5,66
299,Jerrilee Bineham,2022-01-06T11:26:31Z,8,85
302,Arlene Ferroli,2021-10-15T20:42:15Z,10,18
303,Hillary Dudenie,2021-09-18T03:12:35Z,6,109
306,Norby Folkerts,2021-04-11T21:16:34Z,3,100
307,Danell Poynser,2021-02-10T17:49:24Z,3,36
310,Revkah Willans,2022-01-14T02:57:43Z,6,158
311,Ursulina Curner,2021-12-10T03:22:45Z,5,113
314,Luciano Friman,2021-08-17T07:04:16Z,11,62
315,Beverie Verralls,2022-02-12T00:42:13Z,3,72
318,Mimi Seymour,2021-03-12T15:25:05Z,10,55
319,Wilt Jagoe,2021-03-02T10:23:45Z,5,40
322,Johnath Fake,2021-03-26T23:44:34Z,6,41
323,Erv Hubane,2021-05-03T12:04:54Z,1,14
324,Janna Malitrott,2021-08-18T18:53:09Z,6,51
325,Abe Bennedick,2021-03-16T08:32:34Z,5,25
328,Grace McAless,2021-05-02T04:55:20Z,2,60
329,Gale Cholwell,2021-09-21T23:24:14Z,5,80
332,Nancey Ford,2021-11-24T16:57:25Z,8,141
333,Margot Francillo,2022-02-07T20:42:17Z,9,100
336,Morissa Habberj,2021-04-14T04:04:56Z,6,92
337,Rosemarie Sofe,2021-11-07T08:25:36Z,1,124
341,Bordy Greenman,2021-05-27T03:29:36Z,6,61
344,Christen Gilbane,2021-10-11T13:02:28Z,9,105
345,Corenda Dubbin,2021-03-06T14:32:27Z,1,136
348,Benny Bachelor,2021-04-05T09:33:59Z,6,47
349,Winona Dudhill,2021-04-28T23:14:25Z,8,95
352,Eunice Sherbroo,2022-01-14T13:27:30Z,9,106
353,Raul Farbrace,2021-10-05T11:28:11Z,8,57
356,Johnnie Middle,2021-07-06T19:13:15Z,3,44
357,Jocelyne Elphins,2021-10-14T06:00:13Z,5,101
360,Killy Dracey,2021-04-26T17:23:42Z,6,31
361,Ike Forgie,2021-06-08T15:10:58Z,6,16
364,Ora Giovanizio,2021-07-07T13:26:49Z,3,58
365,Fredelia Fendt,2021-10-22T13:11:20Z,7,98
368,Rustie O'Leahy,2021-08-03T22:04:17Z,3,60
369,Jennifer Walkey,2021-09-08T17:25:22Z,10,68
370,Luciana Lindenb,2022-01-17T10:52:25Z,3,35
371,King Benjamin,2022-01-20T02:23:10Z,9,113
374,Far Janicek,2021-08-28T05:42:26Z,9,56
375,Tracey Cleve,2021-07-23T20:51:44Z,6,118
378,Toni Hadleigh,2021-04-29T13:28:25Z,8,34
379,Ruth Reilly,2021-11-16T08:24:18Z,6,128
382,Bowie Ramsden,2021-10-09T07:33:53Z,5,59
383,Emmott Blaber,2021-03-05T20:54:52Z,8,67
386,Hattie Cramphor,2021-10-11T09:49:28Z,5,48
387,Dex MacMakin,2021-03-15T16:40:34Z,6,40
390,Harp Mayze,2021-04-20T06:26:16Z,2,61
391,Rania Brend,2021-11-29T22:31:08Z,10,30
394,Latrena Brownbil,2021-07-03T23:56:41Z,9,72
395,Saidee Haddock,2021-07-15T10:51:30Z,5,14
398,Kaitlin Gamlen,2021-04-21T09:15:22Z,11,11
399,Brose De Michel,2021-10-15T00:32:44Z,7,97
402,Hasty Slipper,2021-04-03T07:11:50Z,5,108
403,Fergus Weaben,2021-08-06T04:46:14Z,11,67
406,Isador Martense,2021-11-25T11:53:35Z,6,84
407,Doris Summerse,2021-10-11T22:27:53Z,10,77
410,Vally Kinnard,2021-03-21T18:25:49Z,3,101
411,Dominic Wornum,2021-02-21T23:15:04Z,4,36
414,Anderea Penhall,2021-09-24T20:26:16Z,6,71
415,Kari Dimmer,2021-09-02T02:27:38Z,9,88
416,Jacquette Plumri,2021-02-05T01:17:13Z,9,48
417,Jeannette Aiziko,2021-12-25T02:47:28Z,6,115
420,Devon Nutty,2021-10-19T18:48:33Z,4,163
421,Merna Chaimson,2021-02-13T09:52:15Z,6,50
424,Jeana Costanza,2021-07-31T00:51:12Z,2,96
425,Brenn Novis,2021-03-05T08:31:17Z,8,63
428,Kristofor Elfitt,2021-05-12T20:37:50Z,10,36
429,Ashbey Olczyk,2021-03-29T08:49:43Z,5,79
432,Jerrine Clapperto,2022-01-20T22:47:27Z,10,45
433,Aarika Britton,2021-11-04T23:49:53Z,6,56
436,Chanda Cresser,2021-10-20T12:39:47Z,9,144
437,Alwin Erdis,2021-08-28T21:30:46Z,10,73
440,Oren Geaveny,2021-04-30T15:56:51Z,4,79
441,Irwin Beaulieu,2021-09-08T15:10:49Z,5,57
444,Jacenta Cullnean,2021-09-21T15:57:18Z,5,93
445,Gilles Houdhury,2021-09-09T23:54:01Z,3,113
448,Greg Dorie,2021-04-01T04:19:05Z,1,47
449,Emory Nobes,2021-03-16T06:56:02Z,2,83
452,Truman Davidma,2021-02-09T16:22:58Z,8,60
453,Liz McCaghan,2022-02-10T03:35:50Z,7,93
456,Rivi Van der Mer,2021-03-31T09:56:30Z,7,27
457,Marcelline Masdi,2021-11-20T06:31:58Z,4,39
460,Melva Goodge,2021-02-24T04:11:44Z,9,53
461,Alfi Keepe,2021-10-31T02:58:11Z,5,81
462,Correna Samter,2021-03-02T12:02:36Z,1,40
463,Shell Castleman,2022-01-04T17:20:18Z,3,31
466,Chandler Amesb,2021-10-09T22:10:46Z,7,87
467,Sully Kubicki,2021-05-11T21:57:40Z,4,58
470,Lianne Huxton,2021-02-08T00:15:19Z,7,94
471,Ethelda Owbrick,2021-02-07T23:47:52Z,8,60
474,Calhoun Pester,2021-03-06T03:02:20Z,7,107
475,Lebbie Ruberry,2021-10-25T18:25:28Z,8,94
478,Tersina Shackelt,2021-11-03T20:59:18Z,8,81
479,Doria Buard,2021-06-15T16:20:40Z,5,75
482,Emmalynn Robill,2021-12-08T16:54:02Z,8,96
483,Paco Truter,2021-06-12T09:00:44Z,5,68
486,Joanie Janjusevi,2021-05-02T09:50:24Z,6,93
487,Fanechka Cesco,2021-02-13T07:59:01Z,6,104
490,Mathew Wyre,2021-05-02T20:01:12Z,2,129
491,Liane Gladtbach,2021-08-17T22:56:06Z,11,104
494,Fredericka Bleza,2021-08-25T04:03:09Z,7,69
495,Seth Kubacek,2021-03-31T19:15:51Z,5,50
498,Teriann Bukowsk,2022-01-10T08:28:43Z,10,147
499,Holly Akehurst,2021-09-29T00:53:42Z,8,132
502,Myrtle Kenan,2021-04-20T03:33:22Z,8,37
503,Anjanette Snepp,2021-10-28T11:48:58Z,6,45
506,Joye Pinson,2021-10-02T07:13:19Z,4,30
507,Nonie Threadgou,2021-11-18T06:31:35Z,5,42
508,Tommy Dehn,2021-04-26T12:30:00Z,7,113
509,Tiphanie Neads,2022-01-19T21:11:05Z,10,44
512,Malia Dungay,2021-08-26T07:18:58Z,8,68
513,Garald McPhillip,2022-02-18T16:34:19Z,8,54
516,Kerry Neno,2021-10-08T02:32:38Z,10,132
517,Falito Bellay,2021-06-10T21:42:06Z,8,125
520,Kial Dulwitch,2021-12-22T01:59:59Z,7,82
521,Paulita Cumberb,2021-11-26T12:59:46Z,8,48
524,Jacenta Pieterick,2021-08-07T04:31:22Z,8,70
525,Maiga Jarmain,2021-03-03T10:46:50Z,9,62
528,Doyle Lawden,2021-03-20T08:53:56Z,5,108
529,Deena Semarke,2021-10-06T06:06:47Z,5,94
532,Alfreda Stittle,2021-07-20T16:08:08Z,3,28
533,Tiertza Vanyashi,2022-02-04T20:16:06Z,3,
536,Mellicent Grisard,2021-08-16T06:41:51Z,3,58
537,Marya Norcutt,2022-01-16T21:23:39Z,2,111
540,Chrysler Cogswe,2021-03-25T08:08:41Z,8,40
541,Jennie Greenwa,2022-01-18T17:10:17Z,10,96
544,Curr Lafrentz,2021-04-25T22:43:01Z,7,95
545,Allan Rickert,2022-01-24T08:26:50Z,7,79
548,Pegeen Piccard,2021-06-18T15:20:18Z,8,77
549,Antonina Semble,2021-08-24T04:50:51Z,10,56
552,Quintus McCallis,2021-04-25T22:30:37Z,3,34
553,Bobette Buyers,2022-02-02T23:14:26Z,7,61
554,Eziechiele Donso,2021-03-04T11:31:49Z,2,125
555,Annabella Telezh,2022-01-07T05:21:00Z,2,102
558,Avivah Dymond,2021-07-21T15:53:26Z,8,56
559,Woodman Dake,2022-01-05T10:20:17Z,12,63
562,Letisha Le Floch,2021-08-31T16:37:15Z,7,75
563,Sharona Tweedy,2021-08-25T02:46:44Z,7,74
566,Ingrim Orrum,2021-12-08T11:57:56Z,5,163
567,Annabelle South,2021-11-29T20:23:23Z,11,62
570,Cati Orbell,2021-02-05T10:51:00Z,11,90
574,Laura Ginley,2021-10-04T16:28:21Z,5,104
575,Edgard Sawden,2021-05-29T10:26:15Z,5,154
578,Garfield Giovanit,2022-01-14T05:54:04Z,4,68
579,Deane Stivani,2021-03-31T04:27:17Z,4,38
582,Adams Whitingto,2021-08-10T11:06:19Z,8,141
583,Chrotoem Johan,2021-11-04T09:51:55Z,5,27
586,Roanne Brant,2021-07-25T01:23:13Z,6,97
587,Deina Magovern,2021-06-30T11:28:53Z,2,135
590,Niven Morter,2021-05-17T07:18:48Z,12,47
591,Antonia Ferdinan,2021-12-27T01:34:52Z,2,36
594,Vinny Liggins,2021-03-18T22:07:38Z,4,112
595,Charita Wyldish,2021-10-12T22:01:00Z,4,54
598,Hope Yakovliv,2021-03-10T23:26:15Z,3,105
599,Chrystal Kopje,2021-12-12T14:46:11Z,8,25
600,Niels Jendrys,2021-05-03T08:55:24Z,10,58
601,Vincents Lees,2021-09-08T17:09:48Z,3,32
604,Trace Bowe,2021-11-19T08:02:23Z,7,51
605,Matteo De Clairm,2021-07-12T23:31:13Z,6,173
608,Rita Rakes,2021-06-19T12:52:29Z,9,37
609,Doyle Galpen,2021-10-09T23:59:20Z,5,72
612,Jazmin Orgel,2021-08-07T05:23:59Z,7,104
613,Sigrid Leversha,2022-02-15T21:20:01Z,9,37
616,Emlen Whitton,2021-09-02T02:03:36Z,7,79
617,Valenka Annwyl,2021-12-26T16:39:06Z,6,57
620,Cilka Cariss,2021-08-15T02:44:41Z,4,33
621,Sheri Vice,2021-05-08T05:22:33Z,5,80
624,Stearne Boord,2021-11-10T05:00:20Z,6,62
625,Toddy Bragger,2021-04-28T00:16:29Z,8,93
628,Adan Simonds,2021-12-19T13:16:46Z,3,121
629,Goldia Gottelier,2021-11-07T06:24:02Z,6,84
632,Loree Dytham,2022-02-16T08:39:30Z,7,92
633,Charline Axtell,2021-09-19T15:49:14Z,9,69
636,Adair Spellessy,2021-12-18T18:21:44Z,11,115
637,Serena Iacovolo,2021-06-08T19:19:29Z,6,89
640,Auguste Savage,2021-04-09T17:40:07Z,6,91
641,Muffin Oldall,2021-08-26T17:59:42Z,6,120
644,Bjorn Cremen,2021-07-26T23:50:08Z,5,62
645,Hedvige Vogelei,2021-02-05T01:19:11Z,9,63
646,Shelagh Scoffins,2021-09-27T15:35:59Z,6,148
647,Flori Priscott,2022-01-27T19:23:12Z,8,41
650,Callida Helmke,2021-09-08T15:11:04Z,9,124
651,Shirlee Morcomb,2021-09-27T11:14:02Z,6,54
654,Gloria Semechik,2021-06-19T03:05:48Z,9,133
655,Juliette Josuweit,2021-11-29T13:22:57Z,7,68
658,Valeria Bidwell,2021-07-30T11:00:26Z,4,45
659,Tailor Phizakarle,2021-12-29T00:43:35Z,5,44
662,Ingunna Sikorski,2022-02-04T17:23:50Z,3,75
663,Catha Gowrie,,4,85
666,Rad Malt,2021-04-06T02:41:00Z,6,135
667,Jinny Navarre,2021-10-08T18:12:40Z,8,67
670,Cordelia Hemblin,2021-12-27T06:46:11Z,5,94
671,Ernaline Stroulge,2021-12-09T07:06:19Z,8,91
674,Marita Wakeman,2021-06-20T17:40:30Z,3,157
675,Roxanna Verny,2021-10-13T12:19:36Z,7,68
678,Rhonda Rembau,2021-12-16T01:57:07Z,3,97
679,Aguste Baseley,2021-05-24T20:06:57Z,4,81
682,Noemi Brignall,2022-01-28T13:25:09Z,2,58
683,Fidel Massimo,2021-08-28T21:27:34Z,9,58
686,Bessy Feavers,2021-06-05T11:10:18Z,10,36
687,Evaleen Dotterill,2021-12-08T10:40:18Z,7,56
690,Sarene Ilyinykh,2021-10-29T15:50:09Z,3,123
691,Benedetto Heaze,2021-12-12T15:14:57Z,9,77
692,Algernon McCra,2021-04-20T16:57:46Z,8,55
693,Rebeca Rubinso,2022-02-05T05:38:16Z,3,156
696,Evered Schindler,2021-05-09T13:06:04Z,9,59
697,Sumner Paulisch,2021-03-17T01:09:33Z,4,164
700,Amos Oneal,2021-08-16T10:13:06Z,7,54
701,Clarie Dionsetti,2021-08-31T16:56:37Z,12,10
704,Linell Bocken,2022-02-03T14:58:21Z,4,107
705,Bonita Bethune,2021-10-09T06:43:41Z,7,116
708,Charles Bleesing,2021-08-04T20:40:38Z,7,63
709,Nev Doghartie,2021-02-22T15:37:40Z,6,42
712,Cathrin Bourke,2021-05-20T07:20:04Z,3,59
713,Isa Blees,2021-07-23T15:23:37Z,3,66
716,Evered Cowland,2021-07-04T11:45:42Z,5,68
717,Marcelo Lakelan,2021-04-03T22:41:04Z,9,145
720,Shaine Pavlenko,2021-03-10T08:59:47Z,9,58
721,Marge Pagelsen,2021-07-17T20:48:43Z,3,20
724,Bliss Braim,2021-07-19T01:26:16Z,4,25
725,Tomas Chesson,2021-08-14T00:19:33Z,9,121
728,Kelwin Voysey,2021-07-29T22:03:28Z,12,79
729,Milty Spence,2021-06-09T11:44:08Z,7,57
732,Cyrille Veazey,2022-02-11T05:14:27Z,9,65
733,Parsifal Bernardo,2021-02-19T11:37:58Z,5,91
736,Chalmers Aplin,2021-05-29T22:18:33Z,7,59
737,Kissiah Edmead,2021-05-19T05:03:28Z,8,54
738,Ettore Mulcock,2021-11-30T14:24:17Z,9,99
739,Rafael Seddon,2021-02-02T16:34:47Z,9,144
742,Wadsworth Strea,2021-09-09T07:15:17Z,9,50
743,Georg Prince,2021-10-31T16:51:12Z,9,69
746,Lorette Barkhous,2021-08-02T16:46:36Z,11,76
747,Lettie Braden,2021-03-15T12:22:30Z,9,87
750,Alidia Fulmen,2021-12-23T12:38:00Z,3,69
751,Zarah Swigger,2022-01-30T04:03:58Z,6,107
754,Aldis Branford,2021-09-07T22:00:56Z,4,58
755,Cass Wilton,2021-05-25T17:39:37Z,3,42
758,Dyanne Rainy,2021-06-11T00:56:42Z,8,
759,Stern Di Biaggi,2021-05-14T13:25:51Z,7,52
762,Frank Creane,2021-09-26T15:46:49Z,7,51
763,Rozella Domleo,2021-07-27T21:55:10Z,8,109
767,Heinrik Fucher,2022-01-01T04:57:08Z,9,60
770,Ally Binley,2021-09-11T02:00:56Z,8,104
771,Theo Simcock,2021-06-14T11:21:57Z,7,64
774,Agata Magrane,2022-01-16T17:56:33Z,6,152
775,Clarice Maun,2021-07-10T10:31:57Z,7,153
778,Ross Fuggle,2021-11-29T15:13:22Z,9,83
779,Darwin Rycroft,2021-03-07T15:25:52Z,9,117
782,Risa Kiddye,2022-01-01T21:41:23Z,11,71
783,Herve Shakespe,2021-05-13T14:01:00Z,7,116
784,Selby Raspison,2021-12-23T02:20:02Z,3,50
785,Torey Spadelli,2021-05-31T15:18:58Z,5,53
788,Christie Hadlow,2021-06-24T20:52:53Z,9,53
789,Jennine Fakeley,,2,94
792,Hetty Cawthery,2022-01-21T11:08:04Z,10,
793,Shanna Luisetti,2021-05-31T09:02:52Z,4,52
796,Roxane McCahill,2021-03-31T02:28:56Z,10,70
797,Ruddie De More,2021-10-01T06:16:46Z,4,81
800,Karylin Glusby,2021-08-12T18:49:22Z,9,65
801,Ursala Cloy,2021-08-09T12:04:53Z,10,59
804,Gracia Sibylla,2021-09-18T23:55:01Z,9,149
805,Rudie Omand,2022-01-12T11:59:08Z,6,73
808,Electra Frary,2021-11-08T10:37:37Z,5,81
809,Krishnah Gilham,2022-02-13T04:03:01Z,6,67
812,Izzy Hammerson,2021-12-05T06:48:48Z,3,63
813,Betty Juara,2021-03-04T17:54:57Z,5,43
816,Caralie Landrick,2021-08-25T16:20:38Z,5,103
817,Virge Algar,2022-01-21T12:23:15Z,6,68
820,Myrna Buse,2021-04-20T21:32:34Z,2,98
821,Lindsay Yven,2021-08-10T08:04:48Z,10,9
824,Kaitlynn Rannald,2021-04-18T15:11:19Z,,64
825,Daisi Glasscock,2021-06-18T01:07:26Z,3,34
828,Rickey Pickering,2021-06-01T01:35:52Z,6,36
829,Cory Lawlan,2021-11-15T09:24:55Z,3,53
830,Charla Pottes,2021-11-23T17:02:47Z,4,85
834,Kurtis Dallin,2021-08-26T07:52:05Z,5,53
835,Coleman Friary,2021-09-15T03:08:03Z,8,45
838,Sheeree Romei,2022-01-23T19:30:31Z,6,103
839,Camille Brumble,2022-02-02T23:11:47Z,10,66
842,Lelah Syder,2021-09-14T01:55:50Z,7,62
843,Julio Pallaske,2021-12-26T12:06:57Z,4,66
846,Rouvin Gatch,2021-05-07T18:31:10Z,9,54
847,Myrtia Bertrand,2021-12-01T22:21:26Z,9,61
850,Chryste Farndell,2021-05-28T06:27:59Z,1,68
851,Karna Miles,2021-07-02T22:00:33Z,4,30
854,Normie Haugen,2021-12-24T00:47:20Z,12,100
855,Hanna Ilyas,2021-11-14T17:36:26Z,8,66
858,Cirilo Kemer,2021-06-28T03:01:01Z,9,53
859,Saree Balnaves,2021-08-26T09:56:13Z,10,56
862,Yoko Minards,2021-06-05T01:00:09Z,8,123
863,Rafferty Queste,2021-05-16T04:14:22Z,9,135
866,Nessie Attoc,2021-06-30T07:29:57Z,8,50
867,Betsey Sweed,2021-03-23T13:05:34Z,6,66
870,Baldwin Purvess,2021-12-26T08:05:10Z,6,95
871,Toiboid Opdenor,2021-10-09T12:07:38Z,5,72
874,Lorettalorna Spy,2021-12-21T05:42:31Z,5,37
875,Florencia Ealden,2021-04-28T22:46:05Z,5,38
876,Ignacio Cutmare,2021-04-02T03:56:39Z,3,58
877,Tadio Low,2021-06-05T14:51:06Z,7,84
880,Lotti Flewett,2021-08-26T03:04:00Z,7,86
881,Frederich Roswa,2022-02-05T17:16:15Z,8,32
884,Joey Kobera,2021-11-30T04:47:29Z,9,145
885,Lorne Halfhead,2022-01-02T07:46:09Z,10,60
888,Willetta Wickey,2021-07-26T05:22:04Z,7,152
889,Sibylla Abram,2021-10-10T03:10:42Z,8,89
892,Thedrick Glew,2021-11-10T00:17:04Z,6,36
893,Nertie Sigward,2021-08-20T05:36:10Z,7,111
896,Mata Yanukhin,2021-03-08T05:52:27Z,4,66
897,Pasquale Wreifo,2021-11-21T04:49:33Z,8,57
900,Darb Holberry,2021-07-02T15:03:10Z,6,41
901,Hyacinthie Sillick,2021-06-02T04:54:47Z,8,62
904,Roi Drakers,2021-03-20T03:39:18Z,8,158
905,Lib Monahan,2021-11-04T12:40:34Z,4,50
908,Roxy Heinrici,2021-12-06T20:53:55Z,8,74
909,Zebedee MacFa,2021-12-30T20:25:03Z,8,122
912,Ottilie Vearncom,2021-04-19T02:35:41Z,4,99
913,Moll Danat,2021-08-16T22:46:13Z,1,7
916,Nanon Grishech,2021-10-06T18:49:57Z,3,82
917,Gaby Peschka,2021-11-27T18:01:33Z,8,118
920,Herculie Wolfart,2022-02-03T13:41:48Z,8,92
921,Dion Aveling,2021-09-14T08:25:13Z,10,27
922,Vincents Phillipp,2021-05-24T16:01:27Z,7,70
923,Gill Cocks,2021-04-21T02:49:22Z,8,82
926,Kath Greste,2021-11-20T12:48:00Z,6,80
927,Lamond Klimasz,2021-08-14T04:24:42Z,8,114
930,Jorrie Obin,2021-04-02T22:45:06Z,4,88
931,Wilhelmine Coult,2021-07-30T06:05:42Z,7,57
934,Spence Sponer,2021-10-04T19:42:20Z,8,64
935,Noelle Garm,2022-02-10T06:03:40Z,6,77
938,Gillie Akess,2021-08-28T23:00:16Z,8,120
939,Keeley Erie,2021-06-09T23:54:57Z,10,46
942,Joaquin Kamena,2021-11-29T11:54:05Z,,64
943,Samson Folomin,2021-03-07T18:20:04Z,9,83
946,Ellsworth Vedyas,2021-05-23T06:27:20Z,8,54
947,Paton Frary,2021-07-30T09:44:21Z,7,95
950,Devy Willarton,2021-11-04T22:27:36Z,6,64
951,Beaufort Bhar,2022-01-01T13:12:27Z,7,132
954,Vevay Donneely,2022-01-04T20:14:24Z,3,52
955,Shena Gore,2021-08-16T21:25:08Z,9,
958,Esdras Milburne,2022-01-30T12:36:20Z,5,62
959,Marylinda Ellam,2022-01-04T23:18:04Z,5,86
962,Guinna Facey,2022-02-07T04:04:34Z,4,102
963,Stevie Daniels,2021-11-27T15:01:22Z,5,64
966,Gertrud Magson,2022-02-02T10:24:52Z,2,42
967,Jessee Lopez,2021-10-17T17:04:58Z,6,37
968,Gunar Sreenan,2021-06-13T12:10:28Z,5,71
969,Dulcea Banner,2021-10-23T15:12:49Z,3,37
972,Bridgette Sapsee,2021-09-12T18:31:04Z,8,158
973,Stanleigh Welbe,2022-02-12T05:06:22Z,10,97
976,Gerrard Clewett,2021-03-10T08:19:27Z,2,85
977,Tremain Kenning,2021-03-16T01:52:49Z,1,39
980,Crystal Bangham,2022-01-27T11:51:29Z,4,44
981,Hadlee Bonnar,2021-04-29T00:00:37Z,7,158
984,Violette Hallewel,2021-08-03T10:11:53Z,8,142
985,Erena Search,2022-01-07T13:13:18Z,9,78
988,Danya Kid,2021-10-12T03:46:10Z,6,87
989,Sherrie Armor,2021-10-12T01:14:30Z,4,65
992,Tad Rowan,2021-11-15T06:08:43Z,5,35
993,Maggy Mendez,2021-04-11T12:51:33Z,3,61
996,Cirstoforo Pettiph,2021-04-01T17:48:42Z,12,97
997,Wilek O'Cridigan,2021-05-04T12:19:50Z,6,99
1000,Vivian O'Boyle,2021-11-08T19:06:28Z,6,134
1001,Harold Abram,2021-11-07T02:48:42Z,6,76
1004,Lotti Adkin,2021-10-01T13:04:21Z,4,133
1005,Gretna Agnolo,2021-10-10T22:22:17Z,4,47
1008,Ulrick Akess,2021-07-24T01:28:40Z,2,54
1009,Lucretia Alabaste,2021-04-01T21:22:47Z,8,88
1012,Jacky Allchin,2021-06-20T11:59:41Z,8,34
1013,Raine Allcock,2021-12-23T08:23:34Z,5,70
1014,Melonie Allon,2021-12-30T23:08:59Z,4,69
1015,Robers Amesbur,2021-02-16T20:00:38Z,5,154
1018,Gay Andriesse,2021-12-24T13:40:11Z,5,115
1019,Loralie Andrzejcz,2021-10-19T20:10:46Z,6,143
1022,Toddy Antalffy,2021-12-05T18:00:50Z,6,129
1023,Jeremias Anteck,2021-10-01T08:16:32Z,7,63
1026,Bartolomeo Argh,2021-02-07T09:03:49Z,6,92
1027,Elvina Armor,2021-09-29T20:34:33Z,3,23
1030,Geri Ashpital,2022-02-16T21:08:33Z,5,49
1031,Jerald Assiter,2022-01-15T02:33:31Z,10,122
1034,Corena Attoc,2021-05-08T01:43:42Z,12,52
1035,Malchy Avann,2022-02-20T10:39:43Z,11,37
1038,Louisa Bachelor,2021-02-11T14:29:26Z,4,33
1039,Brook Backen,2021-09-27T12:50:01Z,5,58
1042,Pail Balnaves,2021-09-14T03:08:04Z,11,123
1043,Agneta Baly,2021-09-29T12:36:18Z,9,50
1046,Philly Barhims,2021-03-03T14:48:53Z,8,141
1047,Jimmie Barkhous,2021-02-04T07:50:18Z,5,44
1050,Marybelle Barrib,2021-06-17T10:02:48Z,5,79
1051,Moe Bartel,2022-02-03T08:06:34Z,12,40
1054,Bevin Baseley,2021-11-13T08:29:11Z,8,5
1055,Marielle Baselio,2022-02-02T00:11:54Z,10,94
1058,Elia Baton,2021-08-29T23:24:48Z,4,88
1059,Sharron Battlesto,2022-02-01T15:49:52Z,10,33
1060,Washington Baul,2022-01-30T11:38:20Z,4,88
1061,Artemus Bazeley,2021-02-26T22:38:18Z,3,21
1064,Florella Beaulieu,2022-02-11T06:39:40Z,5,81
1065,Saundra Beecraf,2021-12-29T01:42:44Z,2,50
1068,Perceval Bellerb,2021-03-16T20:21:07Z,7,58
1069,Sidoney Benam,2021-03-08T09:28:55Z,4,57
1072,Judy Bennedick,2021-10-22T18:48:13Z,6,57
1073,Matthus Benthall,2021-04-26T04:21:25Z,2,57
1076,Carver Bernardin,2022-01-28T17:32:21Z,10,35
1077,Fayette Bernardo,2021-07-29T08:29:27Z,6,73
1080,Angelika Beslier,2022-02-12T23:11:53Z,10,69
1081,Caril Bethune,2022-01-22T05:56:43Z,7,48
1084,Ludvig Bewsey,2021-02-26T18:47:53Z,9,143
1085,Dev Beynke,2021-07-01T15:47:16Z,4,87
1088,Rosabelle Bidwe,2021-03-12T14:32:57Z,6,118
1089,Rodrique Biester,2021-12-01T13:30:50Z,3,81
1092,Floria Bineham,,7,137
1093,Belinda Binion,2021-06-04T09:39:59Z,6,72
1096,Creight Blazejew,2021-06-29T23:57:57Z,4,89
1097,Beltran Blees,2021-11-01T05:12:01Z,9,27
1100,Karita Blinderma,2021-06-19T03:14:14Z,5,62
1101,Jenn Blundin,2021-09-19T04:46:12Z,8,73
1104,Wenda Bonnar,2021-11-21T13:03:25Z,2,160
1105,Jewelle Boord,2021-08-13T11:18:32Z,5,163
1106,Jasper Boosey,2021-07-13T06:34:38Z,7,147
1107,Welby Bote,2021-09-04T16:39:58Z,7,55
1110,Renee Bowe,2021-08-31T20:26:32Z,,112
1111,Zsazsa Brabyn,2021-08-01T03:27:48Z,10,47
1114,Grady Braim,2021-04-27T09:27:22Z,7,58
1115,Wilbert Branchet,2021-03-31T12:27:59Z,6,100
1118,Blondell Bransby,2021-04-30T04:32:07Z,6,106
1119,Lucky Brant,2021-11-24T18:37:55Z,5,133
1122,Gnni Brettle,2021-10-09T13:49:28Z,9,156
1123,Alisha Brettle,2022-01-30T20:44:35Z,5,74
1126,Olly Briffett,2021-09-01T18:16:34Z,7,124
1127,Corinne Brignall,2021-12-31T09:40:30Z,3,73
1131,Angie Brommage,2021-10-23T18:14:59Z,6,35
1134,Lacee Brumble,2021-05-17T12:56:53Z,8,57
1135,Foster Brunt,2022-01-31T02:27:30Z,10,76
1138,Conrad Bukowsk,2022-01-23T01:07:44Z,4,113
1139,Celina Bundock,2021-03-23T09:04:56Z,7,45
1142,Reginald Burless,2021-03-19T23:47:07Z,10,105
1143,Elston Burnyate,2021-04-28T17:36:53Z,4,113
1146,Deirdre Butt,2021-08-25T02:07:11Z,4,47
1147,Gaston Buyers,2021-09-29T15:22:40Z,8,114
1150,Valentia Callf,2021-11-13T13:30:30Z,5,79
1151,Jarrett Camelli,2021-02-11T21:25:17Z,3,89
1152,Kori Carcas,2021-04-10T14:02:38Z,7,67
1153,Truman Carde,2021-09-08T13:11:26Z,9,60
1156,Mikel Cariss,2021-05-08T14:39:59Z,1,98
1157,Kellia Carmo,2021-11-08T20:44:30Z,6,136
1160,Sher Casale,2022-01-02T10:43:20Z,10,106
1161,Nobe Casper,2021-09-16T06:31:59Z,5,83
1164,Geraldine Catlett,2022-02-14T06:05:35Z,3,75
1165,Charleen Catteril,2021-11-10T00:57:25Z,11,61
1168,Toinette Cescon,2021-04-17T07:54:48Z,7,70
1169,Dannye Chaimso,2021-06-23T21:25:21Z,4,90
1172,Roselle Chatto,2021-03-19T02:20:30Z,9,81
1173,Myra Checcucci,2021-02-16T15:44:56Z,9,71
1176,Barbie Chittende,2021-12-26T12:44:34Z,5,100
1177,Ardella Cholwell,2021-08-25T11:50:02Z,7,26
1180,Siobhan Ciobuta,2021-03-26T19:07:15Z,7,55
1181,Joeann Civitillo,2022-02-16T01:58:18Z,6,182
1184,Alanson Cleve,2021-12-11T21:21:26Z,7,153
1185,Ryley Clewett,2022-02-04T13:21:15Z,2,116
1188,Regen Cluer,2021-05-03T12:35:40Z,3,157
1189,Donny Clyburn,2021-07-28T02:43:27Z,4,51
1192,Olia Codlin,2021-07-14T22:42:33Z,7,57
1193,Sarita Cogswell,2021-07-31T14:14:42Z,5,58
1196,Harriot Collumbin,2021-03-28T14:14:16Z,6,119
1197,Mellie Comber,2021-11-04T19:52:29Z,6,124
1198,Carline Comberb,2021-05-29T00:23:02Z,4,60
1199,Fields Conman,2021-04-16T09:51:56Z,6,5
1202,Irving Coogan,2021-09-14T13:36:33Z,8,65
1203,Kienan Corington,2021-10-23T20:14:55Z,4,77
1206,Osbourne Cough,2021-10-28T21:39:48Z,10,60
1207,Ahmad Coule,2021-05-03T04:57:25Z,8,88
1210,Babita Cowderay,2021-04-23T23:35:06Z,9,19
1211,Berny Cowland,2021-08-14T23:50:27Z,3,115
1214,Hermann Creane,2021-06-06T15:24:32Z,5,32
1215,Ewart Cremen,2021-07-06T08:31:04Z,5,71
1218,Stephie Crocumb,2021-11-12T03:24:03Z,6,42
1219,Malorie Crowthe,2021-09-05T10:03:56Z,4,36
1222,Blakelee Culling,2021-05-21T10:52:28Z,2,40
1223,Malvina Cullnean,2021-03-03T05:07:46Z,6,48
1226,Hedy Cuningham,2021-07-19T07:29:36Z,5,43
1227,Jeramey Cunnow,2021-04-03T20:14:34Z,8,67
1230,Arley Cutmare,2022-02-10T20:46:33Z,8,45
1231,Daisie Cutteridge,2021-10-24T07:07:44Z,9,126
1234,Allys D'Enrico,2021-03-18T21:54:34Z,2,147
1235,Renae Daber,2021-02-13T18:41:07Z,3,143
1238,Odilia Danat,2022-01-28T13:42:03Z,1,69
1239,Lucretia Daniels,2021-02-06T11:44:17Z,2,71
1242,Francesca David,2021-03-17T06:37:56Z,4,30
1243,Juliet Daymont,2021-05-19T07:44:26Z,7,69
1244,Elspeth De Clair,2021-11-19T16:41:34Z,7,86
1245,Lemuel De Greg,2022-01-07T16:23:36Z,8,21
1248,Hanni De Michel,2021-04-08T19:47:24Z,4,68
1249,Katherina De Mo,2021-11-13T10:19:05Z,7,30
1252,Merrily Di Biaggi,,7,19
1253,Ignacio Di Franc,2021-12-23T22:56:15Z,5,72
1256,Jobyna Diem,2021-06-17T17:53:43Z,8,123
1257,Bernie Dilrew,2021-06-26T06:36:44Z,8,33
1260,Gweneth Dionse,2022-01-27T23:22:52Z,10,52
1261,Barny Dionsetto,2021-07-22T21:10:35Z,11,32
1264,Gui Dodd,2021-06-06T09:21:20Z,4,102
1265,Verile Doghartie,2021-10-11T10:53:38Z,4,145
1268,Arin Donson,2021-11-03T22:53:42Z,8,54
1269,Garvey Doohan,2021-09-27T16:01:02Z,5,159
1272,Ashly Dotterill,2021-09-09T17:05:03Z,5,100
1273,Lorry Dowdell,2021-02-05T02:01:57Z,8,53
1276,Amandi Drakers,2022-02-09T22:55:47Z,2,102
1277,Abagael Draude,2021-08-17T02:23:18Z,8,42
1280,Zoe Ducker,2022-01-21T16:05:53Z,4,42
1281,Ellerey Dudenie,2021-05-27T20:40:59Z,7,135
1284,Sile Duigan,2021-10-25T03:10:45Z,10,57
1285,Ardeen Dulwitch,2021-05-13T10:34:48Z,4,49
1288,Katerine Dungay,2022-02-09T05:26:37Z,5,159
1289,Hetti Dungay,2021-06-20T01:05:56Z,7,78
1290,Cassandre Dunn,2021-10-15T10:36:55Z,11,89
1291,Chuck Dunniom,2021-06-07T04:46:33Z,3,31
1294,Claretta Dymond,2021-11-01T22:58:21Z,11,79
1295,Marylou Dytham,2021-11-21T03:14:06Z,5,72
1298,Chrysler Eardley,2021-11-02T11:26:37Z,3,103
1299,Jerrilee Eastop,2022-01-06T11:26:31Z,9,65
1302,Arlene Edmonsto,2021-10-15T20:42:15Z,8,41
1303,Hillary Egan,2021-09-18T03:12:35Z,10,120
1306,Norby Elington,2021-04-11T21:16:34Z,8,58
1307,Danell Ellam,2021-02-10T17:49:24Z,7,103
1310,Revkah Erdis,2022-01-14T02:57:43Z,9,169
1311,Ursulina Erie,2021-12-10T03:22:45Z,4,35
1314,Luciano Etherso,2021-08-17T07:04:16Z,10,25
1315,Beverie Ettels,2022-02-12T00:42:13Z,7,62
1318,Mimi Fake,2021-03-12T15:25:05Z,11,58
1319,Wilt Fakeley,2021-03-02T10:23:45Z,8,40
1323,Erv Fazan,,8,34
1326,Carlota Feavers,2021-06-25T09:36:48Z,9,81
1327,Kevina Feechum,2022-01-26T21:24:00Z,6,23
1330,Timotheus Ferdi,2022-02-16T16:04:14Z,2,52
1331,Darleen Fereday,2021-03-01T17:01:05Z,9,27
1334,Tina Fetherstone,2021-09-03T01:13:49Z,4,111
1335,Arline Fiddler,2021-08-18T09:04:01Z,9,22
1336,Morissa Fifoot,2021-04-14T04:04:56Z,6,94
1337,Rosemarie Fleay,2021-11-07T08:25:36Z,6,25
1340,Thom Flips,2022-01-13T21:09:49Z,5,39
1341,Bordy Flynn,2021-05-27T03:29:36Z,5,42
1344,Christen Folkerts,2021-10-11T13:02:28Z,8,86
1345,Corenda Folomin,2021-03-06T14:32:27Z,7,111
1348,Benny Forsey,2021-04-05T09:33:59Z,3,60
1349,Winona Forst,2021-04-28T23:14:25Z,5,32
1352,Eunice Francillo,2022-01-14T13:27:30Z,8,26
1353,Raul Franke,2021-10-05T11:28:11Z,4,40
1356,Johnnie Frary,2021-07-06T19:13:15Z,4,59
1357,Jocelyne Frary,2021-10-14T06:00:13Z,5,57
1360,Killy Friary,2021-04-26T17:23:42Z,4,63
1361,Ike Friman,2021-06-08T15:10:58Z,3,61
1364,Ora Fryman,2021-07-07T13:26:49Z,1,17
1365,Fredelia Fucher,2021-10-22T13:11:20Z,8,72
1368,Rustie Fumagall,2021-08-03T22:04:17Z,10,54
1369,Jennifer Furlow,2021-09-08T17:25:22Z,9,168
1372,Gabriele Galpen,2022-01-02T14:58:58Z,4,139
1373,Leisha Gamlen,2021-10-15T07:27:54Z,10,70
1376,Gwenore Garm,2021-05-05T21:46:04Z,7,66
1377,Guendolen Garo,2021-05-11T10:27:43Z,6,58
1380,Grantley Gauvin,2021-11-12T10:44:41Z,4,107
1381,Stormi Gawthrop,2021-03-30T18:21:20Z,7,112
1382,Bowie Geaveny,2021-10-09T07:33:53Z,8,61
1383,Emmott Geralde,2021-03-05T20:54:52Z,9,59
1386,Hattie Gilder,2021-10-11T09:49:28Z,3,55
1387,Dex Gilham,2021-03-15T16:40:34Z,9,47
1390,Harp Giovanitti,2021-04-20T06:26:16Z,3,76
1391,Rania Giovanizio,2021-11-29T22:31:08Z,6,57
1394,Latrena Glassco,2021-07-03T23:56:41Z,8,62
1395,Saidee Glew,2021-07-15T10:51:30Z,4,70
1398,Kaitlin Goodge,2021-04-21T09:15:22Z,2,60
1399,Brose Goodwins,2021-10-15T00:32:44Z,7,73
1402,Hasty Gottelier,2021-04-03T07:11:50Z,10,92
1403,Fergus Goudy,2021-08-06T04:46:14Z,12,56
1406,Isador Greatham,2021-11-25T11:53:35Z,6,78
1407,Doris Greenman,2021-10-11T22:27:53Z,5,65
1410,Vally Greste,2021-03-21T18:25:49Z,8,83
1411,Dominic Gridon,2021-02-21T23:15:04Z,7,58
1414,Anderea Grisard,2021-09-24T20:26:16Z,4,78
1415,Kari Grishechkin,2021-09-02T02:27:38Z,2,44
1418,Gilberta Gudgin,2022-02-12T09:56:21Z,7,37
1419,Hayward Gunton,2021-11-27T00:10:20Z,4,59
1422,Monika Hadkins,2021-11-20T10:29:25Z,4,69
1423,Rozelle Hadleigh,2021-08-08T01:23:27Z,,108
1426,Trumaine Halbur,2021-03-12T13:18:26Z,1,64
1427,Tara Halfhead,2021-06-23T22:34:51Z,2,56
1428,Kristofor Hallewe,2021-05-12T20:37:50Z,1,47
1429,Ashbey Halliburt,2021-03-29T08:49:43Z,6,20
1432,Jerrine Hammers,2022-01-20T22:47:27Z,,98
1433,Aarika Hantusch,2021-11-04T23:49:53Z,4,91
1436,Chanda Hastilow,2021-10-20T12:39:47Z,6,64
1437,Alwin Haugen,2021-08-28T21:30:46Z,3,59
1440,Oren Hayball,2021-04-30T15:56:51Z,5,111
1441,Irwin Haylett,2021-09-08T15:10:49Z,6,60
1444,Jacenta Hegden,2021-09-21T15:57:18Z,8,74
1445,Gilles Heino,2021-09-09T23:54:01Z,12,119
1448,Greg Hellmore,2021-04-01T04:19:05Z,5,42
1449,Emory Helmke,2021-03-16T06:56:02Z,7,44
1452,Truman Hennige,2021-02-09T16:22:58Z,8,66
1453,Liz Henrichsen,2022-02-10T03:35:50Z,5,64
1456,Rivi Hiley,2021-03-31T09:56:30Z,3,78
1457,Marcelline Hillab,2021-11-20T06:31:58Z,9,73
1460,Melva Hofer,2021-02-24T04:11:44Z,10,75
1461,Alfi Holberry,2021-10-31T02:58:11Z,8,54
1464,Fanchette Houns,2021-08-26T12:16:02Z,8,81
1465,Hamnet Hubane,2022-01-24T07:09:01Z,7,78
1468,Leela Hurd,2021-05-25T08:41:00Z,6,92
1469,Shelby Hurlin,2022-01-14T23:53:12Z,5,79
1472,Payton Iacopini,2021-11-05T03:06:42Z,6,53
1473,Berk Iacovelli,2021-04-22T07:55:22Z,3,24
1474,Calhoun Iacovolo,2021-03-06T03:02:20Z,7,
1475,Lebbie Ibanez,2021-10-25T18:25:28Z,10,37
1478,Tersina Inchbald,2021-11-03T20:59:18Z,10,47
1479,Doria Ingleson,2021-06-15T16:20:40Z,8,83
1482,Emmalynn Issatt,2021-12-08T16:54:02Z,4,75
1483,Paco Ivain,,5,41
1486,Joanie Jahner,2021-05-02T09:50:24Z,7,139
1487,Fanechka Jakub,2021-02-13T07:59:01Z,3,57
1490,Mathew Janczak,2021-05-02T20:01:12Z,4,63
1491,Liane Janicek,2021-08-17T22:56:06Z,6,108
1494,Fredericka Jarm,2021-08-25T04:03:09Z,5,58
1495,Seth Jeffree,2021-03-31T19:15:51Z,6,29
1498,Teriann Jell,2022-01-10T08:28:43Z,4,61
1499,Holly Jellard,2021-09-29T00:53:42Z,6,118
1502,Myrtle Johanning,2021-04-20T03:33:22Z,8,50
1503,Anjanette Johans,2021-10-28T11:48:58Z,6,85
1506,Joye Josse,2021-10-02T07:13:19Z,4,45
1507,Nonie Josuweit,2021-11-18T06:31:35Z,6,46
1510,Zelda Juara,2021-03-07T20:24:50Z,4,54
1511,Cecilia Julien,2021-07-31T06:10:51Z,3,49
1514,Francis Kamenar,2021-10-19T09:21:42Z,8,25
1515,Stephenie Karolo,2021-12-04T04:16:48Z,3,111
1518,Cassandra Kelle,2021-02-20T22:20:53Z,10,80
1519,Perkin Kelson,2021-04-29T05:20:41Z,2,62
1520,Kial Kemer,2021-12-22T01:59:59Z,8,79
1521,Paulita Kemet,2021-11-26T12:59:46Z,9,70
1524,Jacenta Kender,2021-08-07T04:31:22Z,8,62
1525,Maiga Kenningle,2021-03-03T10:46:50Z,8,96
1528,Doyle Kettlestrin,2021-03-20T08:53:56Z,11,17
1529,Deena Kew,2021-10-06T06:06:47Z,5,68
1532,Alfreda Kiddye,2021-07-20T16:08:08Z,1,56
1533,Tiertza Killingwor,2022-02-04T20:16:06Z,3,86
1536,Mellicent Kinnard,2021-08-16T06:41:51Z,2,50
1537,Marya Kirman,2022-01-16T21:23:39Z,8,126
1540,Chrysler Kobera,2021-03-25T08:08:41Z,5,68
1541,Jennie Kopje,2022-01-18T17:10:17Z,5,46
1544,Curr Kropp,2021-04-25T22:43:01Z,9,139
1545,Allan Kruger,2022-01-24T08:26:50Z,5,52
1548,Pegeen Lafrentz,2021-06-18T15:20:18Z,6,43
1549,Antonina Lakelan,2021-08-24T04:50:51Z,3,21
1552,Quintus Lawden,2021-04-25T22:30:37Z,5,131
1553,Bobette Lawlan,2022-02-02T23:14:26Z,9,68
1556,Giff Leaning,2021-08-29T06:02:42Z,7,9
1557,Kamila Leate,2021-05-04T10:13:08Z,8,34
1560,Zena Lees,2021-11-06T07:15:24Z,2,50
1561,Saxon Lehmann,2021-10-28T18:29:31Z,3,
1564,Pietro Lemmertz,2021-05-01T17:41:48Z,11,30
1565,Karen Leversha,2021-07-27T20:45:40Z,5,60
1566,Ingrim Libreros,2021-12-08T11:57:56Z,9,57
1567,Annabelle Liddel,2021-11-29T20:23:23Z,8,46
1570,Cati Limpenny,2021-02-05T10:51:00Z,2,72
1571,Saraann Lindenb,2021-11-28T02:28:40Z,10,73
1574,Laura Liversedge,2021-10-04T16:28:21Z,8,19
1575,Edgard Lopez,2021-05-29T10:26:15Z,6,15
1578,Garfield Loton,2022-01-14T05:54:04Z,7,49
1579,Deane Lovemore,2021-03-31T04:27:17Z,7,38
1582,Adams Luisetti,2021-08-10T11:06:19Z,3,109
1583,Chrotoem Lunam,2021-11-04T09:51:55Z,8,55
1586,Roanne MacColl,2021-07-25T01:23:13Z,2,12
1587,Deina MacFaell,2021-06-30T11:28:53Z,5,40
1590,Niven Mackrell,2021-05-17T07:18:48Z,,85
1591,Antonia MacLice,2021-12-27T01:34:52Z,2,59
1594,Vinny Magovern,2021-03-18T22:07:38Z,9,93
1595,Charita Magrane,2021-10-12T22:01:00Z,5,20
1598,Hope Malkinson,2021-03-10T23:26:15Z,4,25
1599,Chrystal Malone,2021-12-12T14:46:11Z,6,49
1602,Gamaliel Markie,2021-08-29T14:31:30Z,9,124
1603,Zulema Markus,2021-07-29T04:57:18Z,8,37
1606,Mitzi Martinetto,2021-08-21T09:29:56Z,8,49
1607,Inglis Masding,2021-08-25T10:07:55Z,3,93
1610,Andreas Mathis,2021-12-01T00:02:41Z,5,38
1611,Hill Matterdace,2021-08-25T22:24:12Z,7,22
1612,Jazmin Mattiato,2021-08-07T05:23:59Z,4,52
1613,Sigrid Matysik,2022-02-15T21:20:01Z,,143
1616,Emlen McAless,2021-09-02T02:03:36Z,4,45
1617,Valenka McCagh,2021-12-26T16:39:06Z,3,47
1620,Cilka McCory,2021-08-15T02:44:41Z,10,96
1621,Sheri McCovene,2021-05-08T05:22:33Z,3,121
1624,Stearne McCudd,2021-11-10T05:00:20Z,2,41
1625,Toddy McFee,2021-04-28T00:16:29Z,2,68
1628,Adan McMurray,2021-12-19T13:16:46Z,9,81
1629,Goldia McNirlan,2021-11-07T06:24:02Z,10,88
1632,Loree Mendez,2022-02-16T08:39:30Z,5,35
1633,Charline Meran,2021-09-19T15:49:14Z,5,80
1636,Adair Middle,2021-12-18T18:21:44Z,5,102
1637,Serena Milburne,2021-06-08T19:19:29Z,2,117
1640,Auguste Minards,2021-04-09T17:40:07Z,7,59
1641,Muffin Monahan,2021-08-26T17:59:42Z,5,133
1644,Bjorn Morican,2021-07-26T23:50:08Z,6,81
1645,Hedvige Morter,2021-02-05T01:19:11Z,5,100
1648,August Mower,2021-05-08T12:36:31Z,4,29
1649,Karina Mowett,2021-05-12T13:10:15Z,9,108
1652,Corabel Muncie,2021-11-17T14:28:16Z,7,92
1653,Catlee Mundie,2021-10-08T22:28:59Z,11,34
1656,Fayina Nalder,2021-07-15T22:42:57Z,3,35
1657,Gawen Narrawa,2021-10-06T13:28:02Z,2,18
1658,Valeria Nasi,2021-07-30T11:00:26Z,12,55
1659,Tailor Natte,2021-12-29T00:43:35Z,8,92
1662,Ingunna Neads,2022-02-04T17:23:50Z,3,54
1663,Catha Neeson,2021-11-04T12:54:19Z,3,76
1666,Rad Nickols,2021-04-06T02:41:00Z,6,40
1667,Jinny Nissle,2021-10-08T18:12:40Z,10,158
1670,Cordelia Nolton,2021-12-27T06:46:11Z,10,73
1671,Ernaline Norcutt,2021-12-09T07:06:19Z,5,148
1674,Marita Norwood,2021-06-20T17:40:30Z,7,84
1675,Roxanna Novis,2021-10-13T12:19:36Z,2,175
1678,Rhonda O'Boyle,2021-12-16T01:57:07Z,5,82
1679,Aguste O'Cridiga,2021-05-24T20:06:57Z,5,122
1682,Noemi O'Hingert,2022-01-28T13:25:09Z,11,57
1683,Fidel O'Keefe,2021-08-28T21:27:34Z,6,49
1686,Bessy Oakeby,,4,53
1687,Evaleen Obin,2021-12-08T10:40:18Z,12,96
1690,Sarene Ogdahl,2021-10-29T15:50:09Z,8,105
1691,Benedetto Olczy,2021-12-12T15:14:57Z,8,48
1694,Fergus Oleszcuk,2021-05-21T01:38:27Z,7,62
1695,Gillan Ollivierre,2021-04-19T06:09:16Z,4,104
1698,Daloris Oneal,2021-05-12T16:08:02Z,3,57
1699,Nettle Opdenorth,2021-06-17T21:44:49Z,10,16
1702,Ettore Orgel,2021-05-21T01:13:45Z,7,113
1703,Ahmed Orrum,2022-01-01T01:11:48Z,7,55
1704,Linell Ort,2022-02-03T14:58:21Z,5,66
1705,Bonita Ortiga,2021-10-09T06:43:41Z,8,100
1708,Charles Ostridge,2021-08-04T20:40:38Z,5,73
1709,Nev Ough,2021-02-22T15:37:40Z,3,78
1712,Cathrin Paffitt,2021-05-20T07:20:04Z,10,154
1713,Isa Pagelsen,2021-07-23T15:23:37Z,5,51
1716,Evered Palmer,2021-07-04T11:45:42Z,7,72
1717,Marcelo Parramo,2021-04-03T22:41:04Z,8,62
1720,Shaine Pauel,2021-03-10T08:59:47Z,3,137
1721,Marge Paulisch,2021-07-17T20:48:43Z,1,109
1724,Bliss Pedrozzi,2021-07-19T01:26:16Z,10,80
1725,Tomas Peele,2021-08-14T00:19:33Z,7,106
1728,Kelwin Pennings,2021-07-29T22:03:28Z,2,46
1729,Milty Pennings,2021-06-09T11:44:08Z,4,88
1732,Cyrille Pettipher,2022-02-11T05:14:27Z,9,65
1733,Parsifal Pevreal,2021-02-19T11:37:58Z,5,148
1736,Chalmers Phillip,2021-05-29T22:18:33Z,2,62
1737,Kissiah Phizakar,2021-05-19T05:03:28Z,6,19
1740,Jonie Pieterick,2021-09-21T20:10:08Z,5,91
1741,Malachi Pietroni,2022-01-13T08:58:21Z,11,57
1744,Jilli Pilcher,2022-02-10T11:47:45Z,8,51
1745,Mickie Piletic,2021-05-06T21:16:22Z,5,69
1748,Indira Pirozzi,2021-10-28T03:07:10Z,1,131
1749,Roseanne Pitkea,2022-02-14T00:13:48Z,12,103
1750,Alidia Playden,2021-12-23T12:38:00Z,11,11
1751,Zarah Plott,2022-01-30T04:03:58Z,6,37
1754,Aldis Pottes,2021-09-07T22:00:56Z,2,96
1755,Cass Poynser,2021-05-25T17:39:37Z,2,69
1758,Dyanne Prestney,2021-06-11T00:56:42Z,4,65
1759,Stern Prichard,2021-05-14T13:25:51Z,6,120
1762,Frank Prop,2021-09-26T15:46:49Z,7,59
1763,Rozella Purvess,2021-07-27T21:55:10Z,7,79
1766,Constantina Que,2021-05-31T05:31:53Z,8,82
1767,Heinrik Rae,2022-01-01T04:57:08Z,4,76
1770,Ally Rakes,2021-09-11T02:00:56Z,12,73
1771,Theo Ralston,2021-06-14T11:21:57Z,2,34
1774,Agata Raspison,2022-01-16T17:56:33Z,8,129
1775,Clarice Ravenscr,2021-07-10T10:31:57Z,3,27
1778,Ross Reardon,2021-11-29T15:13:22Z,5,30
1779,Darwin Reaveley,2021-03-07T15:25:52Z,10,22
1782,Risa Revance,2022-01-01T21:41:23Z,8,91
1783,Herve Ribeiro,2021-05-13T14:01:00Z,8,90
1786,Virgie Rickert,2021-11-16T18:03:24Z,5,72
1787,Flossi Rillett,2021-02-03T03:35:09Z,6,139
1790,Emmie Rippingal,2022-02-18T18:02:41Z,3,119
1791,Theda Rittelmey,2021-08-25T20:47:09Z,6,59
1794,Loise Romei,2021-05-10T05:56:39Z,3,115
1795,Bonny Ropking,2021-06-20T14:36:13Z,8,1840
1796,Roxane Roswarn,2021-03-31T02:28:56Z,8,65
1797,Rudie Rouchy,2021-10-01T06:16:46Z,4,129
1800,Karylin Rubinivitz,2021-08-12T18:49:22Z,6,"36
111"
1801,Ursala Rubinsoh,2021-08-09T12:04:53Z,7,66
1804,Gracia Ruit,2021-09-18T23:55:01Z,4,"86
60"
1805,Rudie Rusted,2022-01-12T11:59:08Z,4,64
1808,Electra Sabbins,2021-11-08T10:37:37Z,7,"38
155"
1809,Krishnah Sacher,2022-02-13T04:03:01Z,2,46
1812,Izzy Saintpierre,2021-12-05T06:48:48Z,3,"38
82"
1813,Betty Sambiedge,2021-03-04T17:54:57Z,8,123
,Lucian Samter,2022-01-29T01:13:55Z,,"86
106"
1816,Caralie Sapseed,2021-08-25T16:20:38Z,8,116
1817,Virge Sarver,2022-01-21T12:23:15Z,3,93
1820,Myrna Sawden,2021-04-20T21:32:34Z,6,105
1821,Lindsay Sayre,2021-08-10T08:04:48Z,2,35
1824,Kaitlynn Schlesw,2021-04-18T15:11:19Z,5,107
1825,Daisi Schwartz,2021-06-18T01:07:26Z,6,82
1828,Rickey Scotsbro,2021-06-01T01:35:52Z,1,125
1829,Cory Scragg,2021-11-15T09:24:55Z,3,113
1832,Letta Search,2021-10-29T02:35:02Z,9,40
1833,Essa Seddon,2022-02-12T16:37:52Z,5,57
1836,Jorgan Semechi,2022-02-17T20:01:00Z,8,100
1837,Wilton Serridge,2021-08-05T03:41:35Z,9,22
1840,Haily Shackelton,2021-06-02T23:40:43Z,6,65
1841,Burlie Shakespe,2021-12-16T15:07:37Z,7,55
1842,Lelah Shaughne,2021-09-14T01:55:50Z,6,52
1843,Julio Sheavills,2021-12-26T12:06:57Z,6,156
1846,Rouvin Sherrett,2021-05-07T18:31:10Z,11,32
1847,Myrtia Shervingt,2021-12-01T22:21:26Z,3,150
1850,Chryste Sibylla,2021-05-28T06:27:59Z,7,172
1851,Karna Sigward,2021-07-02T22:00:33Z,3,146
1854,Normie Simcock,2021-12-24T00:47:20Z,5,65
1855,Hanna Simek,2021-11-14T17:36:26Z,5,53
1859,Saree Skaif,2021-08-26T09:56:13Z,11,80
1862,Yoko Sloegrave,2021-06-05T01:00:09Z,1,87
1863,Rafferty Smalls,2021-05-16T04:14:22Z,4,104
1866,Nessie Snepp,2021-06-30T07:29:57Z,6,47
1867,Betsey Sockell,2021-03-23T13:05:34Z,10,71
1870,Baldwin Sommer,2021-12-26T08:05:10Z,3,81
1871,Toiboid Southon,2021-10-09T12:07:38Z,4,43
1874,Lorettalorna Spe,2021-12-21T05:42:31Z,2,51
1875,Florencia Spenc,2021-04-28T22:46:05Z,4,154
1878,Billie Spikeings,2022-02-08T03:31:23Z,7,24
1879,Waylin Sponer,2021-07-19T10:35:56Z,10,157
1882,Carleen Stafford,2021-05-04T05:57:27Z,12,119
1883,Batholomew Sta,2021-07-27T20:19:52Z,5,109
1886,Judy Sterzaker,2021-08-19T06:57:40Z,4,100
1887,Trudey Stickells,2021-03-26T18:34:03Z,4,58
1888,Willetta Stirtle,2021-07-26T05:22:04Z,5,141
1889,Sibylla Stittle,2021-10-10T03:10:42Z,4,53
1892,Thedrick Stock,2021-11-10T00:17:04Z,10,44
1893,Nertie Stoddard,2021-08-20T05:36:10Z,5,53
1896,Mata Streatfeild,2021-03-08T05:52:27Z,7,72
1897,Pasquale Stroton,2021-11-21T04:49:33Z,12,121
1900,Darb Summerset,2021-07-02T15:03:10Z,3,36
1901,Hyacinthie Sush,2021-06-02T04:54:47Z,10,73
1904,Roi Swigger,2021-03-20T03:39:18Z,9,56
1905,Lib Swinden,2021-11-04T12:40:34Z,8,34
1908,Roxy Syne,2021-12-06T20:53:55Z,7,58
1909,Zebedee Szyma,2021-12-30T20:25:03Z,10,59
1912,Ottilie Tapply,2021-04-19T02:35:41Z,6,157
1913,Moll Tasch,2021-08-16T22:46:13Z,12,86
1916,Nanon Temblett,2021-10-06T18:49:57Z,6,45
1917,Gaby Terne,2021-11-27T18:01:33Z,8,56
1920,Herculie Thrush,2022-02-03T13:41:48Z,6,86
1921,Dion Tilburn,2021-09-14T08:25:13Z,11,28
1924,Brunhilde Toogo,2021-11-05T12:57:16Z,3,57
1925,Cary Tothe,,3,104
1928,Leroi Trump,2021-07-19T05:22:51Z,8,60
1929,Antonin Truter,2021-06-02T12:21:45Z,2,69
1932,Celeste Tures,2021-02-07T22:14:01Z,4,55
1933,Albrecht Tweedy,2021-07-30T02:42:19Z,8,57
1934,Spence Twinbou,2021-10-04T19:42:20Z,3,105
1935,Noelle Tythacott,2022-02-10T06:03:40Z,12,116
1938,Gillie Ulyatt,2021-08-28T23:00:16Z,12,14
1939,Keeley Ungaretti,2021-06-09T23:54:57Z,11,113
1942,Joaquin Vanyash,2021-11-29T11:54:05Z,4,44
1943,Samson Vasishc,2021-03-07T18:20:04Z,11,93
1946,Ellsworth Veasey,2021-05-23T06:27:20Z,11,64
1947,Paton Veazey,2021-07-30T09:44:21Z,11,153
1950,Devy Verny,2021-11-04T22:27:36Z,5,58
1951,Beaufort Verny,2022-01-01T13:12:27Z,7,110
1954,Vevay Vice,2022-01-04T20:14:24Z,10,8
1955,Shena Vinall,2021-08-16T21:25:08Z,12,52
1958,Esdras Voysey,2022-01-30T12:36:20Z,7,95
1959,Marylinda Wake,2022-01-04T23:18:04Z,12,62
1962,Guinna Walworc,2022-02-07T04:04:34Z,6,74
1963,Stevie Wapol,2021-11-27T15:01:22Z,10,86
1966,Gertrud Weaben,2022-02-02T10:24:52Z,1,119
1967,Jessee Welbeck,2021-10-17T17:04:58Z,7,41
1970,Eadith Whitingto,2021-08-08T06:06:40Z,8,101
1971,Katherina Whitto,2021-12-17T17:49:37Z,8,26
1974,Hewet Willarton,2021-06-17T20:27:34Z,5,128
1975,Gina Wilton,2021-11-15T16:17:51Z,9,40
1978,Harwilll Wogden,2021-08-23T11:30:08Z,2,117
1979,Marney Wolfart,2021-12-13T02:36:36Z,8,44
1980,Crystal Wollen,2022-01-27T11:51:29Z,9,81
1981,Hadlee Woodard,2021-04-29T00:00:37Z,7,105
1983,Felicia Wooldridge,2021-08-09T04:54:47Z ,9,80
1984,Violette Woollin,2021-08-03T10:11:53Z,4,55
1985,Erena Wornum,2022-01-07T13:13:18Z,2,97
1988,Danya Wyre,2021-10-12T03:46:10Z,8,102
1989,Sherrie Yakovliv,2021-10-12T01:14:30Z,8,36
1992,Tad Yatman,2021-11-15T06:08:43Z,3,63
1993,Maggy Yaus,2021-04-11T12:51:33Z,7,99
1996,Cirstoforo Youing,2021-04-01T17:48:42Z,3,80
1997,Wilek Yurkevich,2021-05-04T12:19:50Z,2,18
